1,1,1,3,Frans Cobbold,fcobbold0@mail.ru,15479466
2,1,1,3,Gladys De Domenico,gde1@paypal.com,1052275
3,1,1,2,Justus Kamien,jkamien2@slideshare.net,6880179
4,1,1,1,Shaw Tatton,statton3@dropbox.com,16502992
5,1,1,3,Svend Sutton,ssutton4@globo.com,6150545
6,1,1,2,Desmond LeEstut,dleestut5@twitpic.com,14958462
7,1,1,2,Ira Drayson,idrayson6@reference.com,1463227
8,1,1,4,Candra Inkin,cinkin7@qq.com,1083101
9,1,1,4,Chic Manford,cmanford8@yellowpages.com,19004584
10,1,1,3,Alfy Elcox,aelcox9@yahoo.co.jp,10254786
11,1,1,4,Joshia Kleynermans,jkleynermansa@cyberchimps.com,9638688
12,1,1,3,Candi Lincoln,clincolnb@weebly.com,9305413
13,1,1,2,Shaylynn McAvey,smcaveyc@macromedia.com,12199440
14,1,1,2,Jeanne Spehr,jspehrd@omniture.com,15686638
15,1,1,2,Alissa Simoncello,asimoncelloe@aboutads.info,12237956
16,1,1,1,Ingaberg Swinney,iswinneyf@bloglines.com,12931265
17,1,1,4,Fabian Sprason,fsprasong@intel.com,17037420
18,1,1,2,Lance Jeary,ljearyh@github.io,2695602
19,1,1,2,Angelle Coatts,acoattsi@amazonaws.com,17949214
20,1,1,1,Hayes Dossit,hdossitj@noaa.gov,13239752
21,1,1,4,Eleen Renault,erenaultk@intel.com,4788904
22,1,1,3,Vaughan Breakwell,vbreakwelll@apple.com,4252150
23,1,1,2,Dietrich Zannelli,dzannellim@fda.gov,11400813
24,1,1,1,Ailis Tookey,atookeyn@cloudflare.com,2418536
25,1,1,3,Dacia Harflete,dharfleteo@google.pl,18454640
26,1,1,4,Bruce Isworth,bisworthp@deviantart.com,2006251
27,1,1,4,Marlo Braidford,mbraidfordq@taobao.com,2062920
28,1,1,3,Benny Vowdon,bvowdonr@harvard.edu,11002596
29,1,1,2,Leisha Keeltagh,lkeeltaghs@scientificamerican.com,6497042
30,1,1,1,Darbee Rushe,drushet@netlog.com,18995844
31,1,1,1,Traci Bunner,tbunneru@shareasale.com,4412449
32,1,1,1,Royce Rosenblath,rrosenblathv@google.de,6287129
33,1,1,3,Lillian Hambers,lhambersw@cargocollective.com,3413074
34,1,1,2,Fanechka Janikowski,fjanikowskix@nps.gov,6813919
35,1,1,4,Caroljean Deverille,cdeverilley@bing.com,5169716
36,1,1,1,Emili Sillis,esillisz@joomla.org,14081705
37,1,1,4,Ollie Richardes,orichardes10@comcast.net,2187663
38,1,1,4,Selby Wharin,swharin11@rambler.ru,16652688
39,1,1,3,Rhonda Vuitton,rvuitton12@newyorker.com,17994456
40,1,1,4,Fenelia Gravatt,fgravatt13@netscape.com,4500857
41,1,1,2,Joyan MacDowall,jmacdowall14@vinaora.com,4296621
42,1,1,1,Myra Capponeer,mcapponeer15@army.mil,10035084
43,1,1,4,Man Priestnall,mpriestnall16@storify.com,1702795
44,1,1,1,Roman Gurery,rgurery17@bluehost.com,19884442
45,1,1,1,Shelley Lucchi,slucchi18@microsoft.com,11010474
46,1,1,2,Emmy Cockitt,ecockitt19@naver.com,13526043
47,1,1,2,Waite Mougel,wmougel1a@scientificamerican.com,13772639
48,1,1,3,Niels Sleath,nsleath1b@census.gov,18312871
49,1,1,2,Jobi Watkiss,jwatkiss1c@hao123.com,18105315
50,1,1,3,Audre Gaskill,agaskill1d@stumbleupon.com,13309482
51,1,1,2,Alano McDonand,amcdonand1e@cornell.edu,17551251
52,1,1,3,Fanchon Liddington,fliddington1f@uol.com.br,15410089
53,1,1,1,Roscoe Pilbury,rpilbury1g@tumblr.com,6598543
54,1,1,1,Lorettalorna Heindl,lheindl1h@altervista.org,3568262
55,1,1,2,Baily Dreng,bdreng1i@hibu.com,9512102
56,1,1,3,Aeriell Pingstone,apingstone1j@cbslocal.com,19422820
57,1,1,1,Ferrel Mamwell,fmamwell1k@ucoz.com,9195586
58,1,1,2,Giles Palister,gpalister1l@mapquest.com,14664111
59,1,1,1,Shaine Snowden,ssnowden1m@independent.co.uk,976774
60,1,1,2,Linc Roper,lroper1n@barnesandnoble.com,9819656
61,1,1,4,Rosaleen Egentan,regentan1o@ed.gov,13686132
62,1,1,4,Courtney Peterson,cpeterson1p@washington.edu,7125502
63,1,1,1,Nathanial Willingam,nwillingam1q@instagram.com,6660977
64,1,1,3,Sigmund Maseyk,smaseyk1r@ezinearticles.com,8540747
65,1,1,1,Jeane Bagwell,jbagwell1s@prweb.com,8738874
66,1,1,1,Burke Blaasch,bblaasch1t@oakley.com,1400649
67,1,1,3,Catharina Tedstone,ctedstone1u@google.co.uk,13563533
68,1,1,2,Jessamyn Simon,jsimon1v@nasa.gov,9557426
69,1,1,2,Phillie Cavendish,pcavendish1w@hao123.com,15081020
70,1,1,3,Scarlett Byron,sbyron1x@mayoclinic.com,4826582
71,1,1,1,Kathie Cleveley,kcleveley1y@gnu.org,17145284
72,1,1,1,Natal Mosey,nmosey1z@storify.com,19475166
73,1,1,2,Tad Culshew,tculshew20@oakley.com,14523039
74,1,1,4,Bernarr Kubalek,bkubalek21@uol.com.br,11117507
75,1,1,1,Stern Dillimore,sdillimore22@noaa.gov,2248467
76,1,1,2,Mahalia DelaField,mdelafield23@sciencedirect.com,5737192
77,1,1,4,Ellie Pafford,epafford24@nasa.gov,8851338
78,1,1,2,Gino Baiden,gbaiden25@sitemeter.com,17351418
79,1,1,3,Aigneis Neller,aneller26@networksolutions.com,8247891
80,1,1,1,Gabrila Boobyer,gboobyer27@narod.ru,9980078
81,1,1,3,Arni Grzeskowski,agrzeskowski28@cloudflare.com,6999486
82,1,1,1,Ernestine Attwood,eattwood29@elpais.com,9463584
83,1,1,1,Barry Humbie,bhumbie2a@hao123.com,14660214
84,1,1,1,Blair Bonnesen,bbonnesen2b@google.ru,17595329
85,1,1,1,Goldy Shower,gshower2c@boston.com,1999317
86,1,1,2,Moina Pydcock,mpydcock2d@51.la,18440814
87,1,1,4,Anabelle Creagh,acreagh2e@flavors.me,13088322
88,1,1,4,Timothea Nind,tnind2f@addthis.com,4639377
89,1,1,1,Mattie Niblett,mniblett2g@cbslocal.com,9855799
90,1,1,2,Ade Kneale,akneale2h@cbc.ca,19515525
91,1,1,1,Dalston Callander,dcallander2i@google.cn,11403552
92,1,1,2,Lexy McLeary,lmcleary2j@adobe.com,14823802
93,1,1,4,Toinette Gwillim,tgwillim2k@pcworld.com,8423912
94,1,1,1,Fayre Bernadon,fbernadon2l@whitehouse.gov,14362115
95,1,1,3,Johna Barfitt,jbarfitt2m@sakura.ne.jp,17674930
96,1,1,3,Rebeka Robillard,rrobillard2n@blog.com,3773479
97,1,1,3,Gordan Brayford,gbrayford2o@chron.com,9754826
98,1,1,3,Bobina Gulleford,bgulleford2p@amazon.co.uk,14854912
99,1,1,2,Mimi Moggach,mmoggach2q@springer.com,7817297
100,1,1,4,Philippa Adlington,padlington2r@house.gov,10266966
101,1,1,2,Bertrand Bohan,bbohan2s@deviantart.com,14105971
102,1,1,1,Ursola Seignior,useignior2t@icio.us,9717038
103,1,1,1,Oralla Lorent,olorent2u@technorati.com,8895666
104,1,1,1,Tulley Askam,taskam2v@netscape.com,6813293
105,1,1,2,Tulley Noah,tnoah2w@moonfruit.com,7275878
106,1,1,4,Grove Massingberd,gmassingberd2x@list-manage.com,19114407
107,1,1,4,Babita Jurca,bjurca2y@gizmodo.com,1605634
108,1,1,4,Conny Getten,cgetten2z@imdb.com,13751857
109,1,1,4,Cindi Figures,cfigures30@ycombinator.com,16170526
110,1,1,4,Beth Burger,bburger31@cmu.edu,2959192
111,1,1,2,Kissiah Jonsson,kjonsson32@shutterfly.com,2237942
112,1,1,4,Claresta Smitten,csmitten33@businessinsider.com,5372023
113,1,1,2,Chev Lydiatt,clydiatt34@cloudflare.com,11737756
114,1,1,4,Winthrop O'Fallon,wofallon35@hud.gov,7392158
115,1,1,1,Cyrillus Topes,ctopes36@businessweek.com,10814298
116,1,1,4,Anett Brinkler,abrinkler37@sohu.com,3788710
117,1,1,3,Simeon Grigaut,sgrigaut38@wsj.com,3478878
118,1,1,4,Ulrika Hardacre,uhardacre39@ihg.com,11997018
119,1,1,4,Rip Feedome,rfeedome3a@globo.com,16445529
120,1,1,2,Andrey Jeary,ajeary3b@shinystat.com,8100532
121,1,1,2,Estelle Roulston,eroulston3c@walmart.com,10295865
122,1,1,1,Renault Brocklehurst,rbrocklehurst3d@smugmug.com,1856609
123,1,1,2,Lizzie Girdler,lgirdler3e@t-online.de,7853587
124,1,1,1,Barnabe Dudenie,bdudenie3f@infoseek.co.jp,5674673
125,1,1,3,Monty Brilleman,mbrilleman3g@usgs.gov,13295053
126,1,1,2,Opalina Lauthian,olauthian3h@hc360.com,4350568
127,1,1,3,Joane Seiller,jseiller3i@virginia.edu,19478508
128,1,1,1,Skippy Juszczak,sjuszczak3j@sakura.ne.jp,15648992
129,1,1,2,Kerry Osgar,kosgar3k@indiatimes.com,8484087
130,1,1,1,Helge Bashford,hbashford3l@prlog.org,3626973
131,1,1,2,Hanson Inder,hinder3m@yellowpages.com,6624824
132,1,1,4,Fifi Joslow,fjoslow3n@trellian.com,14343837
133,1,1,3,Trixi Schwandner,tschwandner3o@webmd.com,11773212
134,1,1,4,Lorrie Well,lwell3p@ocn.ne.jp,15368926
135,1,1,4,Karim Ardling,kardling3q@mozilla.org,1858922
136,1,1,2,May Shirrell,mshirrell3r@netvibes.com,14459270
137,1,1,4,Sandy Bonnell,sbonnell3s@etsy.com,3909845
138,1,1,3,Brennen Vellden,bvellden3t@sun.com,12257409
139,1,1,1,Georgetta Musso,gmusso3u@hibu.com,3787149
140,1,1,1,Alano Coughan,acoughan3v@economist.com,1059574
141,1,1,4,Bruis Braunle,bbraunle3w@washingtonpost.com,16497880
142,1,1,1,Kilian Beament,kbeament3x@wiley.com,1610472
143,1,1,1,Osborne Curneen,ocurneen3y@t-online.de,1392262
144,1,1,1,Murdock Sandars,msandars3z@mozilla.com,2764393
145,1,1,4,Rafe Ormrod,rormrod40@comcast.net,16975143
146,1,1,2,Blanca Beech,bbeech41@latimes.com,19024671
147,1,1,3,Evvie Goodanew,egoodanew42@google.ru,10219496
148,1,1,3,Carlin Worsalls,cworsalls43@alexa.com,17206426
149,1,1,3,Flora Kearney,fkearney44@wordpress.org,1732986
150,1,1,2,Freeman Rulten,frulten45@hibu.com,867922
151,1,1,1,Sandy Wickman,swickman46@lulu.com,6896019
152,1,1,3,Bjorn Bowell,bbowell47@simplemachines.org,2721182
153,1,1,4,Cyndy Grigoli,cgrigoli48@google.cn,18126186
154,1,1,4,Christen Dallewater,cdallewater49@aboutads.info,2429386
155,1,1,4,Zilvia Lonnon,zlonnon4a@spiegel.de,2792795
156,1,1,1,Bunnie Bentz,bbentz4b@fda.gov,12254354
157,1,1,3,Sayre Van Dijk,svan4c@nymag.com,1706799
158,1,1,2,Rois Woolford,rwoolford4d@nba.com,1290176
159,1,1,4,Sigfried Fadian,sfadian4e@ftc.gov,17426679
160,1,1,4,Price Gimson,pgimson4f@miitbeian.gov.cn,3108479
161,1,1,4,Lutero McAmish,lmcamish4g@opera.com,2572479
162,1,1,4,Catina Kynsey,ckynsey4h@etsy.com,13549578
163,1,1,1,Frederico Nunn,fnunn4i@sfgate.com,3956382
164,1,1,4,Gaylord Outright,goutright4j@opensource.org,8813580
165,1,1,2,Kippy Willerson,kwillerson4k@altervista.org,5668867
166,1,1,4,Zerk Corten,zcorten4l@addtoany.com,10026208
167,1,1,2,Denys Trask,dtrask4m@google.pl,9521071
168,1,1,4,Jerrold Yellop,jyellop4n@baidu.com,16117914
169,1,1,3,Catlaina Newton,cnewton4o@umich.edu,7622368
170,1,1,4,Lori Bockmann,lbockmann4p@netlog.com,3951156
171,1,1,1,Jenilee Verheyden,jverheyden4q@github.com,7831676
172,1,1,3,Sterling Buyers,sbuyers4r@dropbox.com,12652534
173,1,1,1,Gradeigh Arthy,garthy4s@ycombinator.com,3597303
174,1,1,1,Sibelle Bartalot,sbartalot4t@earthlink.net,1912641
175,1,1,1,Ellie Dmitriev,edmitriev4u@dion.ne.jp,19519225
176,1,1,1,Kora Grigoire,kgrigoire4v@engadget.com,5888407
177,1,1,2,Jandy Ounsworth,jounsworth4w@cyberchimps.com,2935752
178,1,1,1,Sidoney Balaam,sbalaam4x@quantcast.com,19979762
179,1,1,3,Marcello MacNockater,mmacnockater4y@123-reg.co.uk,15469499
180,1,1,3,Alford Tickle,atickle4z@engadget.com,6720486
181,1,1,2,Brnaba Liccardi,bliccardi50@goo.ne.jp,13376314
182,1,1,4,Romeo Kirkebye,rkirkebye51@blog.com,15769615
183,1,1,4,Hy Rehn,hrehn52@geocities.com,8057787
184,1,1,4,Bartolemo Mallaby,bmallaby53@deliciousdays.com,8718356
185,1,1,3,Ettore Doey,edoey54@un.org,14967804
186,1,1,2,Sarah Middle,smiddle55@sbwire.com,15073676
187,1,1,4,Jinny Blest,jblest56@macromedia.com,11724618
188,1,1,1,Essy Chapman,echapman57@un.org,17850833
189,1,1,1,Cassandre Wolfendale,cwolfendale58@1688.com,4084519
190,1,1,2,Kamilah Marrion,kmarrion59@tripadvisor.com,11930573
191,1,1,1,Glynis Mogenot,gmogenot5a@cocolog-nifty.com,2017073
192,1,1,1,Aileen Jellard,ajellard5b@wiley.com,14786534
193,1,1,3,Joannes Vanyakin,jvanyakin5c@tinyurl.com,2207442
194,1,1,2,Halley Tabb,htabb5d@abc.net.au,10670669
195,1,1,2,Bobbie Shepton,bshepton5e@cam.ac.uk,4927709
196,1,1,1,Cordell Stead,cstead5f@w3.org,2077454
197,1,1,4,Phedra Caven,pcaven5g@delicious.com,3439224
198,1,1,2,Leanor Muschette,lmuschette5h@slideshare.net,12730005
199,1,1,4,Brynne Patullo,bpatullo5i@oakley.com,5707112
200,1,1,1,Vince Tomicki,vtomicki5j@amazonaws.com,9703158
201,1,1,4,Becka Trusse,btrusse5k@wix.com,15761754
202,1,1,1,Nobie Yellep,nyellep5l@ifeng.com,15780537
203,1,1,4,Rossy Brosel,rbrosel5m@pinterest.com,14128644
204,1,1,4,Gaile Gotliffe,ggotliffe5n@comcast.net,6919522
205,1,1,2,Dayna McComiskie,dmccomiskie5o@fda.gov,7299432
206,1,1,2,Patin Filliskirk,pfilliskirk5p@biblegateway.com,11172637
207,1,1,4,Lanita Carlow,lcarlow5q@eepurl.com,3870095
208,1,1,2,Tabb Humes,thumes5r@google.co.uk,19083598
209,1,1,1,Teriann Olerenshaw,tolerenshaw5s@php.net,6494003
210,1,1,1,Lawry Sudlow,lsudlow5t@ocn.ne.jp,8716662
211,1,1,2,Cecily Sawney,csawney5u@feedburner.com,17532791
212,1,1,3,Kirsti Jozsika,kjozsika5v@cafepress.com,15160182
213,1,1,3,Giuseppe Abelwhite,gabelwhite5w@t-online.de,18847125
214,1,1,2,Kristyn Gentreau,kgentreau5x@deviantart.com,6695114
215,1,1,4,Zacharie Eckford,zeckford5y@amazon.com,1321990
216,1,1,4,Saloma Wybrew,swybrew5z@vinaora.com,13247441
217,1,1,3,Latashia Jewell,ljewell60@comcast.net,18073300
218,1,1,1,Edsel Duchesne,educhesne61@people.com.cn,5991198
219,1,1,3,Marlon Rastall,mrastall62@guardian.co.uk,11319979
220,1,1,1,Clayborn Essam,cessam63@linkedin.com,4379421
221,1,1,4,Korey Snowling,ksnowling64@prlog.org,13147976
222,1,1,3,Yolane Fitt,yfitt65@phpbb.com,5624939
223,1,1,3,Valina Murney,vmurney66@mashable.com,1911228
224,1,1,4,Alexia Renne,arenne67@tripod.com,8305147
225,1,1,2,Zane Casbourne,zcasbourne68@pen.io,8242401
226,1,1,3,Missy Fairbanks,mfairbanks69@huffingtonpost.com,11940249
227,1,1,4,Mary Dilley,mdilley6a@creativecommons.org,7784476
228,1,1,4,Camella Keitch,ckeitch6b@youtu.be,13794433
229,1,1,2,Shalne Lewry,slewry6c@w3.org,4544362
230,1,1,4,Cleon Hyrons,chyrons6d@dion.ne.jp,17308473
231,1,1,1,Phip Fallow,pfallow6e@studiopress.com,6342397
232,1,1,3,Hillary Trimby,htrimby6f@reuters.com,14252607
233,1,1,4,Clementia Manolov,cmanolov6g@unicef.org,18557669
234,1,1,2,Ally O'Rowane,aorowane6h@yahoo.co.jp,16356548
235,1,1,2,Chickie Deeman,cdeeman6i@biblegateway.com,15843665
236,1,1,2,Harriett McGuffie,hmcguffie6j@jalbum.net,15399270
237,1,1,4,Betsy Blyden,bblyden6k@imageshack.us,2400970
238,1,1,2,Chas Finlator,cfinlator6l@meetup.com,7916873
239,1,1,4,Lesley Esome,lesome6m@51.la,9720140
240,1,1,4,Jonis Casale,jcasale6n@craigslist.org,11278176
241,1,1,1,Merrilee Zanioletti,mzanioletti6o@squarespace.com,2328969
242,1,1,3,Livvyy Rummings,lrummings6p@xinhuanet.com,15935526
243,1,1,1,Jeffy Leete,jleete6q@phpbb.com,5920790
244,1,1,1,Corissa Opie,copie6r@cbsnews.com,3701985
245,1,1,1,Amalea Tolumello,atolumello6s@blogs.com,5279605
246,1,1,4,Shandeigh Addicott,saddicott6t@twitpic.com,13474751
247,1,1,2,Glynda O'Gready,gogready6u@facebook.com,5548166
248,1,1,4,Seymour Tremelling,stremelling6v@ucoz.com,5549203
249,1,1,1,Devlen Hassin,dhassin6w@webnode.com,3529510
250,1,1,4,Victoria Duhig,vduhig6x@cloudflare.com,18018014
251,1,1,1,Leonie Fowler,lfowler6y@themeforest.net,7432835
252,1,1,4,Dalt Orto,dorto6z@sfgate.com,8170179
253,1,1,2,Steward Taplow,staplow70@goodreads.com,12063840
254,1,1,4,Sydel Kiln,skiln71@mac.com,6093875
255,1,1,2,Freddy Siehard,fsiehard72@hp.com,8644457
256,1,1,4,Verina Classen,vclassen73@friendfeed.com,5995009
257,1,1,1,Cosetta Brown,cbrown74@icq.com,18317680
258,1,1,4,Jeanie Spoward,jspoward75@ameblo.jp,5563822
259,1,1,1,Burch McKinn,bmckinn76@webmd.com,16334874
260,1,1,1,Ilyssa Shew,ishew77@nsw.gov.au,11584503
261,1,1,4,Gerti Astlett,gastlett78@pbs.org,11680238
262,1,1,3,Jackquelin Angood,jangood79@indiegogo.com,1082824
263,1,1,4,Chaddie Ayre,cayre7a@mapquest.com,12515419
264,1,1,4,Brockie Missenden,bmissenden7b@diigo.com,4912709
265,1,1,3,Lorena Angrick,langrick7c@nhs.uk,19110594
266,1,1,4,Wilhelmine Chatwood,wchatwood7d@cocolog-nifty.com,7387573
267,1,1,1,Fara MacVay,fmacvay7e@elpais.com,14814000
268,1,1,1,Andromache Baff,abaff7f@paypal.com,1092660
269,1,1,1,Dorolisa Ianittello,dianittello7g@amazon.com,9467621
270,1,1,2,Lavina Blaise,lblaise7h@nymag.com,10560363
271,1,1,2,Lucila Baughan,lbaughan7i@weibo.com,12100951
272,1,1,1,Sanford Olver,solver7j@nasa.gov,3909115
273,1,1,1,Nike Huntingford,nhuntingford7k@nifty.com,13326096
274,1,1,4,Wilhelm Bamford,wbamford7l@chronoengine.com,8152554
275,1,1,2,Linoel Coldman,lcoldman7m@ihg.com,5453232
276,1,1,3,Fabio Bibb,fbibb7n@thetimes.co.uk,7082231
277,1,1,1,Clo Tack,ctack7o@chicagotribune.com,15002410
278,1,1,3,Lucius Ceschelli,lceschelli7p@vkontakte.ru,1011923
279,1,1,2,Kris Proffer,kproffer7q@free.fr,6645014
280,1,1,3,Franciskus Daffey,fdaffey7r@devhub.com,9563353
281,1,1,4,Derk Eastwood,deastwood7s@miibeian.gov.cn,18396112
282,1,1,3,Sharla Searson,ssearson7t@noaa.gov,15994454
283,1,1,4,Vevay Fforde,vfforde7u@nydailynews.com,13617062
284,1,1,2,Georgia O'Carney,gocarney7v@yale.edu,5590602
285,1,1,3,Brynne Yesinin,byesinin7w@networkadvertising.org,13900484
286,1,1,3,Birk Seywood,bseywood7x@comcast.net,8237160
287,1,1,4,Ellswerth Dumphries,edumphries7y@etsy.com,19354294
288,1,1,1,Cory Botley,cbotley7z@microsoft.com,1335413
289,1,1,1,Katharine Youings,kyouings80@weather.com,10127744
290,1,1,4,Teddy Queyeiro,tqueyeiro81@aboutads.info,7232516
291,1,1,4,Olympie Tarr,otarr82@dailymail.co.uk,4866911
292,1,1,4,Tildie Covotti,tcovotti83@example.com,1744812
293,1,1,1,Harry Lennox,hlennox84@census.gov,8842816
294,1,1,3,Minor Bramwich,mbramwich85@nsw.gov.au,7936556
295,1,1,3,Alexina Kneesha,akneesha86@goo.ne.jp,10231939
296,1,1,1,Filmore Kealy,fkealy87@over-blog.com,4535202
297,1,1,1,Livvy Reinard,lreinard88@reverbnation.com,9630843
298,1,1,1,Corella Broggelli,cbroggelli89@sphinn.com,15853825
299,1,1,1,Noel Ferrieres,nferrieres8a@posterous.com,17299945
300,1,1,1,Britteny Coniff,bconiff8b@wikispaces.com,11807443
